{"cameraMode":{"drawMode":0,"name":"Shaded","section":"Shading Mode"},"sceneLighting":false,"audioPlay":false,"sceneViewState":{"showFog":false,"showMaterialUpdate":false,"showSkybox":false,"showFlares":false,"showImageEffects":false,"showParticleSystems":false},"in2DMode":false,"pivot":{"x":50.484371185302737,"y":-5.387173652648926,"z":2.0110692977905275},"rotation":{"x":-0.048746317625045779,"y":0.9505034685134888,"z":-0.19663794338703156,"w":-0.23562875390052796},"size":14.561385154724121,"orthographic":false}