{"cameraMode":{"drawMode":0,"name":"Shaded","section":"Shading Mode"},"sceneLighting":false,"audioPlay":false,"sceneViewState":{"showFog":false,"showMaterialUpdate":false,"showSkybox":false,"showFlares":false,"showImageEffects":false,"showParticleSystems":false},"in2DMode":false,"pivot":{"x":50.453128814697269,"y":-2.363546848297119,"z":0.8683691024780273},"rotation":{"x":-0.10980045795440674,"y":0.869471549987793,"z":-0.22386589646339417,"w":-0.42645594477653506},"size":20.8763370513916,"orthographic":false}