{"cameraMode":{"drawMode":0,"name":"Shaded","section":"Shading Mode"},"sceneLighting":true,"audioPlay":false,"sceneViewState":{"showFog":false,"showMaterialUpdate":false,"showSkybox":false,"showFlares":false,"showImageEffects":false,"showParticleSystems":false},"in2DMode":false,"pivot":{"x":106.61075592041016,"y":57.639671325683597,"z":51.638511657714847},"rotation":{"x":-0.04129589721560478,"y":0.9140434861183167,"z":-0.09632895141839981,"w":-0.391850084066391},"size":113.05760955810547,"orthographic":false}